name,2010-01,2010-02,2010-03,2010-04,2010-05,2010-06,2010-07,2010-08,2010-09,2010-10,2010-11,2010-12,2011-01,2011-02,2011-03,2011-04,2011-05,2011-06,2011-07,2011-08,2011-09,2011-10,2011-11,2011-12,2012-01,2012-02,2012-03,2012-04,2012-05,2012-06,2012-07,2012-08,2012-09,2012-10,2012-11,2012-12,2013-01,2013-02,2013-03,2013-04,2013-05,2013-06,2013-07,2013-08,2013-09,2013-10,2013-11,2013-12,2014-01,2014-02,2014-03,2014-04,2014-05,2014-06,2014-07,2014-08,2014-09,2014-10,2014-11,2014-12,2015-01,2015-02,2015-03,2015-04,2015-05,2015-06,2015-07,2015-08,2015-09,2015-10,2015-11,2015-12,2016-01,2016-02,2016-03,2016-04,2016-05,2016-06,2016-07,2016-08,2016-09,2016-10,2016-11,2016-12,2017-01,2017-02,2017-03,2017-04,2017-05,2017-06,2017-07,2017-08,2017-09,2017-10,2017-11,2017-12,2018-01,2018-02,2018-03,2018-04,2018-05,2018-06,2018-07,2018-08,2018-09,2018-10,2018-11,2018-12,2019-01,2019-02,2019-03,2019-04,2019-05,2019-06,2019-07,2019-08,2019-09,2019-10,2019-11,2019-12,2020-01,2020-02,2020-03,2020-04,2020-05,2020-06,2020-07
adam schiff,411,153,24,36,30,45,261,12,24,144,9,102,153,756,735,21,1074,93,591,243,207,282,285,8,267,21,21,33,282,2185,84,36,306,256,6526,1905,1746,3165,2304,5017,3805,1727,651,5382,2934,3059,2261,3334,2285,2533,2211,1494,4923,2136,2973,4907,6625,1503,2640,1665,4283,6174,3692,2849,1892,3424,2541,1813,1429,12251,3776,6331,1236,327,1957,970,3217,6116,2130,996,3765,3974,6018,8404,8028,13307,45683,11903,13549,14211,12067,4025,6415,7764,5435,12250,22075,28444,12074,6600,11019,7114,12390,2949,9956,5073,12328,6428,11778,15326,31649,17822,16600,11388,16307,2293,39422,41872,118162,37468,160992,10569,1586,5100,8711,6201,7083
ainsley earhardt,409,832,1177,834,2919,205,1404,1105,1542,1698,3035,2218,445,1425,2039,1001,3804,3345,3202,1820,591,1298,535,3638,1119,560,3466,3003,3329,2326,3591,5688,3182,1753,3884,4355,3308,1939,4519,1475,3052,1861,5912,6905,3742,9099,5738,6914,7972,7368,5792,10320,6677,7647,8784,7011,7149,8708,9602,7056,4453,6413,6911,6744,5820,5731,5899,5277,5786,4362,323,327,192,829,9170,5618,8995,8109,4775,7924,7240,8840,8950,6907,10001,7555,11181,9107,9352,8494,6975,5673,5221,9472,8458,13171,12267,6565,14084,16168,15837,13082,14827,16268,9142,15212,11786,10452,19843,17960,13001,17709,22621,14768,18827,16938,11542,18184,12845,11680,16270,5586,25137,43857,42930,39475,21490
al sharpton,4638,2069,3421,8349,1845,216,8077,13096,942,3570,2402,2690,5451,877,1436,4630,242,6696,16402,21719,19418,17430,16540,18338,21883,16939,28610,16969,13294,13976,13324,15833,14530,16555,11661,10738,15300,14425,12850,11956,11898,12673,27438,18495,15283,14033,12960,13159,13518,11746,12083,15456,11925,10351,12424,24469,10129,9648,16232,20876,10215,10217,11866,9960,7383,10280,9316,6124,2062,2478,2199,3980,3103,6237,2828,6882,2972,3508,6923,2767,2857,3102,3292,2147,4744,4000,4037,5483,4211,5170,6161,8275,4261,6193,4874,7049,9042,5863,7826,8569,8214,6980,9808,13837,8309,11127,10933,11133,11048,12649,12551,16320,12610,19964,17771,15184,11265,9135,12545,12246,8958,13266,12185,11006,21172,34393,21076
alex witt,14375,7169,7857,13856,9111,5936,8415,10898,10641,8905,8985,5965,9360,7721,11208,9401,13113,8241,8815,8593,8764,7720,7665,7618,8618,6517,8093,6202,5138,6011,6420,3106,7243,6559,10053,7067,7256,7643,7424,7015,5269,5284,6646,7019,9242,5241,7674,8675,8296,6645,8590,7307,7688,6308,8042,10033,6855,6782,9673,6906,5327,5215,5375,6825,8332,3483,7570,5288,7530,4450,8751,6028,5105,3775,6472,11455,8103,8507,9467,4243,7292,8909,5490,2478,7823,6226,4714,8544,2619,4420,9732,8122,11228,10747,8197,9320,12583,10484,14191,9839,12183,10657,15456,7432,10461,10518,10465,9945,10352,10775,12542,8378,7716,11208,7004,5221,8854,7055,10216,11446,5871,9060,9641,9847,11319,10403,10393
ali velshi,16927,20655,22042,29552,7551,8301,15396,35675,34316,25461,33131,32634,34972,17288,25461,28724,28282,19075,52926,48847,15621,31047,15734,23625,14191,9930,9927,10069,17396,7689,12717,3731,10544,14571,13468,21462,18368,6255,11263,2453,21,0,0,3,6,9,0,18,6,3,0,15,21,51,12,0,3,27,6,24,18,3,3,3,18,36,12,9,84,15,12,238,45,6,6,159,328,3836,15,4062,223,870,9162,8148,7555,17610,15820,17682,16018,26876,35879,34590,30231,17769,33205,34197,27226,35220,25238,39254,16897,24533,47022,44896,20980,37948,30579,29072,32822,31805,39569,35581,29068,33393,26307,42430,26834,22786,30349,26337,36541,31044,42792,28412,33925,32181,43112
alisyn camerota,12847,7207,5957,5169,4656,4470,12701,11470,5879,6792,9130,8307,7865,4648,6502,8135,10286,11472,9111,6390,7818,9042,9892,13489,9900,5271,9292,10004,7037,12151,10052,11488,11996,8530,9441,12594,12286,10426,20983,10923,9718,13575,11573,9699,12855,8780,6743,7071,6923,5710,3565,306,159,225,3246,8981,11845,13544,12991,12151,10753,10185,9930,7405,10805,12248,12519,10931,15411,11992,15122,15298,13437,11872,18197,10008,14996,12970,12942,9433,14936,13913,13363,10897,13461,15571,13082,11692,10853,20303,22889,16741,16127,19646,15487,23245,21884,21015,15617,17315,18686,15776,20901,17581,19895,16710,13838,10361,21593,12066,16039,26672,23146,18800,21420,13993,21494,25904,19287,21506,22405,16937,24796,35123,19378,25522,19825
anderson cooper,91901,44743,59318,50052,35134,35098,55242,47131,74708,75709,62430,67083,89959,75412,65472,50309,60970,61959,36254,86653,68001,44558,50019,65065,46436,42019,50743,52157,80662,51730,58217,55366,48369,58889,63027,64191,65463,30224,32727,63169,59708,65916,78342,60508,52763,49215,38230,43765,58292,31723,57458,26449,53179,47302,33873,39629,45254,52074,26371,23329,35574,31347,32287,24035,27455,38147,36531,31714,31153,41822,36487,21626,31289,32516,32062,25812,19994,39678,24770,36760,52899,49911,46031,39211,66540,56806,82762,75113,83168,97969,81137,78228,81385,83819,66088,58479,89118,107446,101352,109042,84156,73980,83484,63804,67593,97943,47031,40830,93777,72699,114299,91462,74418,40012,69692,78929,69550,81589,48672,47457,86750,46834,96907,189771,116042,74360,64130
andrea mitchell,12911,12198,11344,13953,4817,6860,10278,12672,7858,13570,10595,9941,12297,12340,15329,11313,12837,11962,14028,17420,9597,13177,10294,9646,16069,12944,15133,13833,14654,13582,9629,11601,15459,14265,18387,12525,17917,13293,8518,12468,9143,13797,8994,11127,13323,12267,6861,9042,11240,8497,11919,11193,9265,9258,15714,14326,15902,10322,9826,11002,10901,10173,14596,11289,8897,10107,15148,6751,14004,14306,11563,7254,10665,15341,12638,12509,11327,11469,16638,10065,12719,12077,15528,11339,14000,12706,14245,15548,22261,11283,14354,14911,10690,12035,12609,10370,14842,14676,18564,14695,18168,11594,20560,18837,12777,11444,10555,11350,13713,12139,11660,14791,13364,11820,12675,11435,12481,15540,8011,8288,12716,11050,13139,13618,14427,12952,15045
andrew levy,9043,6971,7979,8691,4440,2364,10179,10989,9243,11458,12576,6432,10576,10876,12596,10979,13362,13112,16189,13938,13323,8985,16678,16137,8814,14944,14482,14555,15629,15110,14632,13491,9874,10494,12942,10682,14326,18585,13127,13827,14888,13187,12396,11395,9770,13305,10608,9848,10891,11569,13265,11485,13338,10154,8834,9485,4833,12439,11909,10100,7825,10263,12067,11675,8113,11724,5196,8775,10589,9635,6248,7289,9375,6872,7843,10683,7764,7687,4568,11953,7586,5331,5100,7823,8707,9566,8639,3310,0,0,0,15,0,0,0,0,0,0,0,0,0,0,0,0,0,0,0,0,0,7,0,0,0,0,0,0,0,0,0,0,0,0,0,0,0,0,0
ari melber,189,48,6,117,21,3,453,780,165,2159,1008,672,891,387,216,1305,768,192,2046,1344,1401,899,1904,4577,4623,2543,4649,2517,2850,6722,6136,3387,7001,5079,7691,9293,3839,3474,5711,7448,8500,11179,9986,11041,7640,9587,7315,12017,14699,17015,19001,20555,19249,21019,13576,6601,6244,4537,7787,14091,5443,6791,12440,10270,7094,13557,7320,11355,8721,6187,7433,12731,6488,8990,8050,5426,9108,8623,7038,7305,6641,9617,11807,20701,14867,23100,20543,12920,23858,22344,20841,21877,18460,26393,18836,27638,29218,25028,38311,29202,33967,33875,41693,35589,28143,26070,33194,34301,31730,38065,54760,43742,29767,35011,32747,26963,29827,45492,40102,37323,41593,30406,37649,29432,41915,35898,40080
barack obama,167530,102878,94243,78310,39276,55035,79211,61630,87532,47037,86159,82737,97512,73032,76976,76663,78554,67355,102168,76645,89339,70214,48460,65014,81108,79847,88450,105166,120743,89761,83276,59238,136813,249590,148852,127177,154587,102819,74437,80530,94537,68965,81454,103140,162013,108128,96816,96535,106962,64083,75351,84160,75270,82085,68687,102155,120849,46625,118959,80612,71250,90556,47298,61429,34988,67701,68464,37448,30454,66305,70342,73891,59797,50554,36695,55794,61833,63030,80386,39204,68588,33415,88055,85821,73562,4109,10263,12153,10828,7685,3171,3732,5554,9417,2552,5568,4491,8821,4539,3356,4088,4504,14939,9464,41024,7258,16106,6919,2997,2527,2715,6376,3021,2943,4202,6741,2770,7237,6857,3322,2764,5510,2223,6332,22606,10040,17058
bernie sanders,1287,1734,1152,1758,2262,603,264,717,1212,1512,1566,6446,2958,1128,2039,3822,2196,3545,6294,3939,3003,4518,2238,3387,1545,4134,972,2619,2925,3672,315,690,1479,735,2853,2182,3918,1759,2073,1265,738,2586,1344,522,3396,4089,3165,3227,3438,999,2793,2511,9741,1695,3550,1470,3492,2682,3440,2175,1675,1900,2613,8597,10057,8390,10723,12204,15208,34740,9809,15100,58586,115953,92179,100873,56891,28364,19877,1206,7115,4155,6179,3962,14542,8739,11068,3963,6769,8013,5779,1193,6167,3458,5758,5216,7211,1818,2848,3206,2901,6640,2218,1801,863,4459,4711,5230,5130,19926,18494,33337,20685,41208,34196,21343,16171,21899,11777,15507,47969,116267,105826,13340,4081,742,5019
bill hemmer,14486,8570,13741,11861,4834,5445,11807,10773,12863,14725,12947,15039,20017,13423,13365,11523,15668,12699,13737,15051,13837,14774,12287,12870,17044,8518,14352,9555,13780,14563,8645,9826,11874,15909,12824,14288,15910,10735,14216,18237,11305,11736,11212,9571,11405,21131,15068,17028,18807,13209,17091,15012,9644,10689,10084,8666,8640,11614,9632,8510,9121,7705,9310,9109,6979,8398,7827,7778,11848,8265,15344,7899,10774,12344,12263,9342,7795,12905,9553,8466,8743,10512,9622,6936,10273,13108,9350,11901,11673,14778,6673,10704,8296,14319,9341,7543,10664,10467,12344,11243,13066,15193,14340,11059,8745,14787,13597,11012,14637,16281,13975,17473,14211,11402,15928,10196,12734,15366,13276,10212,13226,13467,17981,17180,13409,9939,12986
bill o'reilly,60514,56083,53116,39035,26698,32968,48786,40969,54696,64304,47566,55005,63551,52506,59651,47527,54682,45561,48437,40048,61865,58980,51127,56993,51575,58446,57634,54333,55832,41817,57733,40863,49490,52660,53363,54032,67031,53919,67750,53321,65205,37744,64765,48536,56523,54369,38130,36906,46215,45639,45083,46285,36461,39049,39677,28660,39850,44446,34505,37443,44425,43396,38878,43537,38784,43994,51216,33457,42000,52514,36014,32118,42285,33765,29215,40881,42460,42417,33570,20000,34349,39588,36612,17821,36639,35708,36573,30335,90,33,78,90,2578,5247,377,360,45,462,45,102,3,48,60,60,21,90,146,54,46,31,69,96,71,28,28,49,9,41,82,161,20,80,14,54,15,46,40
bob beckel,3963,3093,3338,3397,1238,858,2974,2847,1745,2932,3042,2099,2869,1647,3064,1770,2868,3330,19237,27792,72859,31839,27018,28215,22317,23311,20664,16047,21099,16621,19981,15493,16653,20120,17014,15136,18308,18709,21645,16669,16640,16565,16620,18315,19123,19931,15212,22274,24112,19928,16321,20240,21038,15475,19837,16592,17861,21684,15713,19157,15721,11376,3307,1639,3606,5488,1679,1893,4876,7294,2864,4969,5609,6605,5308,7911,7571,9394,6320,2796,7183,2034,2251,296,4396,5640,4550,6226,10130,27,36,84,21,48,27,48,39,75,24,177,366,120,132,330,378,171,39,894,27,144,231,216,37,169,347,37,42,19,7966,50,55,334,17,1,18,5,76
bret baier,15759,14760,19202,11810,6510,10243,16402,16152,13348,17493,18604,14752,16284,14918,15888,16488,15169,17504,21890,25924,18618,17407,19995,20427,28301,26659,16345,13797,9515,11511,9018,15853,15142,21340,11144,10370,17248,10111,8455,12154,13173,8402,12975,12021,12761,21749,12813,11320,16636,8753,13525,11777,18515,18213,12893,11070,21185,16586,17162,12609,18052,15913,16361,18902,15133,16030,21206,23150,18434,21847,18970,13341,25901,30740,26066,23352,19985,16531,21297,17747,28195,42224,26741,16687,32764,14929,23383,23575,25117,15367,22303,19743,26455,13321,14230,13905,16890,11297,13352,16134,17276,14248,12452,13420,13255,13462,15846,15616,14067,13096,17294,17837,14858,15885,11535,8706,18031,19624,18182,16439,24856,23820,15882,19360,22215,16200,12644
brian kilmeade,16246,13710,14406,14565,7931,6389,12654,11513,15560,15688,15854,13829,16380,16957,18778,18460,18039,17600,11975,9958,15140,16092,18902,13210,18350,14745,16375,15100,16967,16566,12726,17152,20888,16463,24503,14749,22168,18739,17624,22277,19002,15650,21957,18525,22201,25441,22484,15252,21489,19172,20015,22171,23448,20710,16549,12644,20982,20742,10846,16291,18248,12293,16145,16368,12930,13765,10344,10223,14296,16463,17417,15106,14367,18542,19041,12201,14462,13394,4599,13198,12462,13184,15741,11985,16672,21414,18450,17245,14639,13546,10043,14662,16977,44728,24481,29324,35349,33517,32166,41665,32317,29186,24371,30565,21952,32139,28874,21817,38490,36512,31949,37645,34885,31296,27735,29446,33559,35664,30938,31331,31111,21730,46135,62548,55355,51840,58975
brian williams,3797,255,362,400,1815,887,285,2938,1719,262,1247,1635,2803,4074,696,1079,923,494,314,1997,6160,1132,5663,672,581,305,453,1048,2169,1220,1068,450,1034,297,952,1164,303,480,392,3159,796,429,281,221,207,1636,167,645,531,738,380,710,1760,633,518,189,590,276,201,1051,311,24047,292,982,553,3800,54,167,2410,8747,10039,2343,3881,13963,12463,9367,4240,13652,21433,794,10136,14217,11029,9147,15727,13173,23795,19815,39626,33960,28946,31742,26385,28744,24000,29602,27010,32529,37854,24898,31755,30007,26433,26146,30580,34276,31085,23293,27616,29134,29885,27373,27065,25552,25892,22952,23908,33489,26085,28312,35030,28691,28487,52408,41661,42276,38282
brianna keilar,4161,1911,8309,2209,963,945,4271,5002,1444,1857,9428,8612,8703,2002,1583,8174,3546,4903,7579,5187,3638,2583,2135,3664,2395,2883,2916,4257,2712,3253,2004,4816,3175,4170,5704,10933,6962,5125,5971,5337,5047,4423,4321,15635,8015,11903,4339,12487,4232,3721,5650,6926,12097,7403,10657,8739,8105,2379,10047,6084,13448,1330,11840,17202,3512,6635,10340,11202,7486,7354,11705,10643,13929,8145,7364,4180,9736,10896,12825,19393,10097,13816,11608,11690,5959,18407,10867,3832,10545,9390,8641,5568,5850,19000,2125,15770,18890,17861,24368,7961,23853,4012,39,9,69,2207,13199,15231,28216,19721,24347,20940,15202,22891,21609,20889,24456,24334,8584,23307,16342,19437,41633,8762,44998,58416,58589
brooke baldwin,4437,4040,5757,3572,3653,3147,465,2190,1502,11236,15894,13765,14844,14902,19025,18604,16209,22679,18141,26715,23964,21590,26174,23110,25401,16240,19903,21583,19867,16139,18168,15079,17392,23319,13542,12707,17706,17404,15273,16885,17025,21741,21704,22589,25558,27773,18723,31944,51925,37241,32225,34010,37453,36948,43720,44288,29912,39572,28676,42245,27002,32599,28353,32421,34988,45411,35667,31955,30232,35272,29937,20136,36958,23487,29543,34625,41316,23636,16753,43581,29922,39183,40793,33725,31113,39994,22384,39350,41692,30144,32886,45943,27942,31200,48620,27211,50937,29010,36540,36338,24293,40965,43028,44346,33069,32923,41179,21812,55646,45054,40836,42679,48753,37208,28666,43924,30858,42837,22913,21917,31479,29729,15741,15374,23411,29792,26788
carol costello,1342,585,807,1233,564,1586,1077,2989,978,2001,4109,2599,9528,3900,17892,24800,25194,7999,1356,23702,26462,25000,23468,8620,2095,1629,21415,17052,21584,14008,14386,12979,15031,17533,17554,9781,12251,13442,5985,8852,15996,12407,12771,13283,13787,11962,11292,14928,19992,15813,14921,20497,19137,17084,16999,18572,14908,14763,13092,13937,19937,18741,13590,13273,14366,17105,10636,11965,13124,11140,12721,10354,11815,15496,16709,14888,9624,10328,3785,21379,18892,19226,19950,14510,15411,1740,0,6,6,45,9,6,12,36,0,21,9,6,12,15,21,66,48,120,1406,42,6,54,75,12,95,164,94,40,159,20,11,9,1,14,0,2,14,3,3,1,6
charles krauthammer,9654,9103,11796,11044,4778,5227,11470,11620,10772,10407,9306,13644,10509,9791,11036,10979,11982,11736,12029,11738,9748,10764,12799,13494,12238,15040,9504,8920,8053,7870,10302,11181,8787,13351,13323,11019,13365,7338,11629,8199,12331,7303,8919,8118,11742,18310,14910,17823,11603,10230,11181,8669,11189,9846,12866,12077,10590,8753,16199,13308,9916,11174,11809,9690,12064,10011,10553,11375,12530,12638,11460,13724,12910,13368,11686,9546,8664,8633,7980,9967,12781,10046,8060,11272,15265,11205,12441,10348,13669,11615,12125,5695,0,117,51,2404,36,39,3,0,12,16263,2048,0,84,39,96,1760,2,0,25,747,36,16,5,1,23,473,952,441,5,0,1,315,0,0,126
chris christie,306,24,45,1554,386,505,2637,3348,3346,1602,2819,1871,6454,8833,1398,937,1924,13520,2457,8082,16502,22864,1605,4943,6923,13337,1981,3251,2620,1378,3121,11623,1618,15328,9331,3019,10147,8114,2601,1772,6120,10804,3461,8981,2430,4679,30325,5885,129200,43900,32224,7787,6714,3896,4590,558,2743,14734,3656,3923,6845,6528,2638,6111,9877,10570,19164,22308,22917,12977,21931,19642,31776,28135,13266,3081,3439,1191,15237,1128,10073,5543,4765,1295,1859,3821,1757,2234,428,1109,5513,4691,2341,2946,473,1773,372,240,268,720,264,174,117,219,207,196,444,957,13758,8236,4260,1104,1600,292,134,87,939,53,5,977,88,29,26,53,1874,686,95
chris cuomo,3,22,3,6,0,459,0,51,3,24,6,0,45,0,0,3,9,375,0,21,0,6,0,30,0,33,42,9,3,393,3,0,6,18,0,3,6,5376,1711,8059,5437,9468,24442,18695,14801,13328,11809,12705,16062,15272,9438,10426,11404,13664,9400,7492,10650,14700,17917,13903,13130,10613,10102,10520,10890,10792,10044,19632,14822,11359,16898,18112,11263,17084,13470,13596,12340,11142,16216,8858,12124,15625,17247,13653,17540,20203,23004,15385,19583,45298,38558,57698,18876,32739,40060,22298,97991,34482,39579,31058,26649,90862,68755,90430,87372,94592,98301,81914,96409,87552,94943,104872,92294,80143,58287,57376,79829,77223,54587,68455,77402,46515,95407,96629,93232,97516,112124
chris hayes,4086,6051,7398,6888,3499,7440,18539,5200,5532,5290,9414,11560,8810,5288,3276,8363,4304,5563,7671,15209,11011,17259,12666,15512,19178,17230,15221,19188,17476,15993,10564,12337,15596,15937,14205,14768,11362,16640,20583,44598,41845,46129,38940,32573,35360,43142,34228,31956,42231,33174,33003,27043,37794,39310,32485,30241,36554,40163,32197,23594,30195,30706,34709,28253,29871,35063,31862,27535,30798,44144,45918,28579,35847,26133,37781,38149,47673,37383,32745,32982,24712,29972,35317,38792,26865,29115,44665,34813,39999,39059,31771,26923,36535,29424,39155,38479,19713,36201,37549,30444,36442,39840,31480,28091,33910,33980,34767,32953,45569,32838,40316,28948,43071,30299,32211,29195,29011,41068,37533,36135,31540,25012,40579,44649,37052,31686,29071
chris jansing,6625,3948,3,48,0,9338,13131,13713,13430,19884,15614,12134,16784,9161,9859,7496,5575,7913,8639,14483,6033,6894,5342,7585,9152,8334,8894,7168,8403,10298,11543,4890,10632,12955,7939,16614,9820,8521,10164,12088,9702,6175,8982,7358,6792,5496,7346,5525,8114,2423,10543,7476,7543,3512,2634,5022,7807,3189,4314,4632,2831,4020,3061,3849,1921,2800,6480,4709,4317,4320,19657,9364,5321,16747,18456,7651,9891,8359,14980,9083,4018,4020,6915,11529,6038,3311,17774,12562,12707,6222,13559,8454,4962,11606,7312,8512,11069,2828,9521,4696,6477,6110,9929,10516,4980,5594,6953,7115,9303,3226,6596,6263,8472,6928,9054,16626,10406,7664,9651,5621,4312,12582,11270,3639,8563,6119,9468
chris matthews,50883,31482,41527,59068,24899,36892,42787,34801,57625,56542,41492,47552,59192,55981,44118,57377,45071,50747,42475,41995,48089,56596,55914,46183,71594,60127,62489,36635,56369,46717,30904,60181,59038,64902,61609,47700,51422,59430,54790,50858,56099,49343,39063,41517,40542,51870,40632,34857,38578,37719,35414,24329,39399,30340,26678,25514,30622,33308,22804,22222,26850,26188,21263,26264,24162,22800,26742,22905,20984,34586,22749,27798,39588,46264,42192,36187,33215,23718,34505,29346,26781,32853,34642,18388,28802,26559,34673,20293,18741,19586,16564,11182,15506,18747,20854,19623,27967,21904,23545,20656,25547,23464,16169,12389,19717,23765,19392,19387,18570,13402,22846,31937,24724,24775,20888,21578,18925,14212,24216,19053,23884,23423,2331,1585,3237,967,788
chris wallace,10510,8796,9918,16236,4907,7423,10363,11945,12875,11309,9953,11132,13666,7984,10230,12036,14523,15094,6837,11948,14573,17157,11921,12099,20324,13755,13377,11351,8143,11907,9663,9846,19532,15809,12826,10770,6559,11485,17864,12827,12172,12439,8105,8886,12682,12604,12269,13206,9592,10966,14545,9416,12421,17752,7461,11525,9372,9867,14207,11046,7237,8743,13079,11351,15669,14368,4869,14956,9415,15031,11062,7934,12704,15181,12279,14488,12480,11323,7323,12362,11713,19080,14697,15356,13409,18620,14716,16089,14566,8844,15699,10995,9581,7842,8922,10421,15205,14162,9350,13463,7513,13565,11391,6772,15266,13848,16176,12575,8949,15975,13509,11311,13759,10944,11475,5800,11457,14643,18675,17105,14718,12459,11258,10561,13958,19480,13880
christine romans,9711,7327,14276,13251,7849,8427,8180,192,1074,19753,16973,14025,15735,14290,11822,9412,12888,15825,11970,18568,24753,20349,25810,19299,9688,11538,16293,10671,15490,12358,9177,5647,9773,8595,10740,10710,13576,8827,6568,15735,18116,18890,8933,8957,5847,11861,8903,7946,14224,12479,7984,8323,11404,7516,4438,6058,8880,9429,8498,14473,8717,8121,9781,7038,3546,4029,5032,7258,7899,7379,2983,5939,6198,4971,5344,4286,3996,5245,3190,6962,6908,5232,5775,2988,5632,2171,6353,2560,2586,1350,3350,6917,6448,6154,6865,5956,18699,10817,10104,4902,7225,7311,6893,7228,8126,10356,6370,6589,11308,11222,6511,10918,13115,10867,5861,3971,8489,9404,6165,7401,9044,8908,11812,8730,9861,5457,4596
chuck todd,28337,18862,25239,21865,7885,12476,28971,32910,20519,26065,13772,12383,21578,13567,24826,14763,14340,14919,25286,22619,19702,15515,10056,19518,26876,18615,23715,15089,21455,16525,12106,19115,21242,28866,20897,19846,15228,15254,11291,20939,13221,15243,11766,16056,18952,21643,16321,14872,18776,14852,19406,13543,21512,19425,14761,10667,13700,15372,11180,9899,11053,8947,11444,11276,7821,9291,14334,17034,16531,22855,19626,20690,32009,34332,30062,27696,23218,20391,21939,15485,24257,19236,15835,16812,19321,18212,18780,19565,15929,20817,15270,18022,16157,15915,12127,13899,20990,15000,15578,13770,16732,9907,11666,18841,14283,16477,16576,15461,17208,15813,16002,12321,19337,15169,10266,15095,15643,20378,13632,15708,13119,18081,16410,34935,42807,33204,23541
dana bash,5800,5124,16467,5373,2067,5760,408,264,8439,9213,9676,13397,8729,2559,4047,15460,6371,11427,27,33,27,21,81,6123,11079,4365,3891,7438,3603,4236,9100,9777,8616,10191,12926,24191,13872,4749,5876,7063,11520,10122,4313,7792,26280,31690,11881,9550,9823,5427,1912,2554,8599,15452,5007,2204,5080,1725,10027,6516,6289,9156,8981,6122,4951,7611,11181,8664,12988,12876,6167,11843,14613,19925,19583,14983,21256,16169,13533,19559,14877,22409,18365,13054,17363,12316,17536,12813,21257,18466,17527,7134,11385,14302,14710,19806,19349,21621,10434,19284,20079,15824,23933,15063,16356,14195,11478,23898,16088,22782,16439,15015,11333,10991,11262,7139,19547,14907,10930,23325,20692,17610,16208,12085,18887,15188,29723
dana perino,3226,5256,6750,4941,1023,3333,10631,7879,5775,6705,5610,7948,5220,4037,3985,5869,3147,3663,8911,11263,15094,17702,15520,13307,14333,12861,15775,11917,14813,12622,14940,12738,11755,18364,14189,17991,15806,12957,17193,12814,17961,13467,12720,13148,15035,13938,14917,18252,14200,13355,11226,14161,13834,15677,15909,9563,15239,15003,14637,15900,11305,10032,8839,9269,9911,4708,8291,8148,6390,8314,7733,6727,7647,7706,12050,8176,7277,7753,4662,8588,7641,12051,8999,4726,6091,5744,10405,21553,12382,18935,21486,24928,21505,17073,16503,15195,22821,18501,21809,19985,22361,17115,21710,24263,14870,23839,22979,22617,22878,20884,24465,21904,21744,22606,18832,28568,24435,31061,24049,22453,16471,22934,28144,44631,46704,46816,31964
david gregory,7740,5119,4829,8273,5864,4562,7154,11387,8150,8616,8402,7270,9173,7227,4601,8058,9463,6150,8033,4187,6627,8473,12804,8169,14134,10120,8279,8834,9824,6647,6691,14136,8199,10587,8112,13820,8534,6793,9270,7999,7509,7176,9037,9789,11244,7043,7889,10162,10744,8276,8225,9165,4780,8840,5140,2728,165,40,0,74,27,27,12,27,9,6,9,33,902,36,35,317,867,8792,7749,9634,6796,8175,9873,319,4068,5479,7080,5911,8869,7478,10570,16322,23856,14354,8040,9314,9778,10644,10867,8189,16534,12402,9511,15525,12869,7409,11880,10022,3693,9372,8535,6921,10052,9090,7145,13269,7949,6973,4874,3674,7176,9156,4168,6662,4498,5155,3784,2451,4141,4330,1864
don lemon,33513,21062,21670,20868,22790,9769,28853,28512,17685,22874,14380,22092,18520,22546,14483,18787,11423,19178,29722,18723,18284,17009,17758,17550,19245,30045,26112,30704,22859,32982,24959,15248,20477,28085,19565,31889,12525,12666,15440,25574,5088,18081,20427,12810,12583,20531,13970,11310,20332,24567,31115,35181,29074,16764,25540,32229,13650,19845,22118,16984,13908,15450,16245,13124,14171,13975,15931,17770,18685,17707,13932,26760,15377,25137,25317,24102,26135,32537,29239,30360,34820,36754,42902,45142,47592,35169,60429,44813,39796,55575,29252,47745,57490,69234,57636,61480,69439,64467,82616,66089,69747,70988,57399,82800,29795,99684,90322,90049,131497,100135,84878,102830,105086,87851,64309,83103,76080,91091,60533,52396,53258,58147,74387,128915,112044,123294,127843
donald trump,1987,2198,3956,8491,2055,1737,3921,3298,5809,3576,4417,2248,2390,16042,9566,47901,8521,6141,3838,9281,6131,20195,6378,21010,7958,10260,4012,3544,11714,3456,5125,5722,5431,7568,3008,3915,4359,3479,5000,5299,3982,4295,4393,8401,4701,7001,4311,5674,4553,3362,4962,6298,3104,4295,4497,3665,5086,6175,5035,4478,5933,5602,7870,8642,7546,46799,137666,210695,170965,105603,95830,174071,194902,243403,278923,207768,233823,163923,172019,359242,339109,393450,197346,199374,221290,279759,194757,206494,177818,151358,184626,242803,153793,188587,164356,198653,254623,194543,214189,190100,203394,236785,240566,201762,172379,210106,188415,147435,236713,228142,209833,176036,188644,205654,153326,194288,205611,259959,170499,174766,137961,147397,271167,355954,158546,140548,163800
ed henry,8842,4800,9552,6394,2357,2762,6170,8040,11305,15293,10510,11914,13438,5275,8508,10177,10204,1330,3153,5243,4757,4770,3579,3924,3844,1965,2592,1302,3801,2630,2490,6669,8307,8724,7177,11163,4419,2855,4197,5013,1206,4558,878,6527,9846,16653,10015,12885,6444,6876,6811,6946,12773,9091,10232,18737,15651,15930,11647,12653,9656,9951,8958,7770,9804,6975,10163,11407,8578,11879,7855,8376,11960,13276,8678,11443,9,9,12,227,4749,16698,19318,20148,13672,6565,11129,7275,7193,6856,13531,7587,5623,9140,9983,28885,7908,17329,30390,19870,19826,22060,22753,26824,28215,19278,30184,26253,26168,22086,32746,24521,20006,36498,8686,20,20999,18012,31315,37723,15048,23074,15368,20033,20538,17412,174
ed schultz,33063,19225,37876,44117,15169,14539,29562,26705,40883,39884,36464,29062,39875,31102,34137,27993,21656,21306,25256,33747,28126,32835,46720,47834,50898,45142,47061,46689,47701,37710,23867,36074,34178,42158,46893,32811,53134,46555,25662,354,6817,8107,7419,12563,20827,22606,22191,18870,24316,19501,21132,21965,21536,15949,16046,14418,18714,19482,15830,14975,17679,18374,19069,15331,9028,12639,11911,245,57,84,90,150,63,324,63,69,84,111,168,111,278,371,88,142,150,51,90,114,36,12,3,21,6,6,6,81,24,18,30,9,102,63,332,15,12,60,75,78,38,53,83,37,567,67,305,79,107,412,84,460,157,273,31,61,36,8,0
eric bolling,2681,7299,1991,5852,1009,1038,4238,1654,3917,1704,2824,11217,5921,4483,4653,7852,4128,4322,9658,15997,15848,24211,21828,20711,17984,17934,18732,14421,18540,10968,21528,18576,14626,18113,17400,24263,25408,16885,23099,17105,19983,21894,23925,20169,17578,18149,22239,24453,25100,21288,17939,22354,26715,19074,21065,17008,22166,20270,21096,22216,22181,14466,17618,15070,13622,14588,17802,17181,16066,16359,15639,20436,14465,20352,23306,14139,17270,21611,13246,29626,13418,11904,18498,28293,15894,12161,18097,10425,11468,12387,12258,2413,84,39,21,48,18,521,337,12,498,15,1291,93,15,1938,15,105,2,8,42,25,2,2,3,6,8,48,8,154,19,6,410,24,2,4,51
erin burnett,2536,2649,1812,3862,1248,1265,1781,2511,2557,2639,1791,1338,3607,1407,1983,2046,12,30,291,5123,3191,50505,45457,39990,37800,36120,43755,30965,44811,46668,32013,31638,36846,34936,39671,18831,42872,23931,17055,23051,26763,26579,16486,24806,21242,24027,19989,45,3149,27039,23104,15761,10663,13384,14904,8993,14802,14388,11939,11174,10149,11286,9703,10557,9811,12927,7973,192,2517,12489,14750,9042,9346,9874,11361,8408,6316,10688,5615,5623,8698,8846,7758,7895,13048,12676,15738,17045,23704,21573,19044,22352,20797,26471,22961,11257,37651,21483,33030,31100,31630,30299,26872,20427,63,33,24361,26471,37919,29192,48427,26252,35185,28884,20320,19097,27328,34571,20728,18338,29517,23397,34882,60591,37126,35531,32389
eugene robinson,7157,7247,3841,7158,1830,3161,12330,10140,9255,7414,6102,6277,6080,7506,4479,6531,7540,7218,7188,8703,5771,3911,7403,4552,10629,6297,9276,5274,8166,3567,9254,10160,5975,6212,6104,5131,8258,5743,6994,3687,3804,5613,6904,8902,5659,6708,1965,4561,5409,5242,4686,4540,6770,6711,4836,6297,3323,5230,7341,7493,4720,3491,4716,3948,3255,8735,6962,5840,6731,9369,5646,6508,4299,7886,7839,7133,5718,4282,5214,7344,4762,6182,6672,7480,7636,8065,5555,7295,7363,7210,8386,10290,4820,7721,8486,6972,11403,6453,7875,6814,9466,5949,8336,11328,9179,8908,11001,10587,12694,10647,6514,8831,12705,11970,11485,16097,7640,10707,9315,9210,9619,9762,8737,7637,12145,21925,10231
fareed zakaria,7047,6044,4381,4923,4354,4065,6072,9367,8164,12929,9094,8089,10397,13615,8600,8835,10541,14739,8248,7138,9906,5886,9166,5979,8741,5371,10649,5802,8041,8033,8757,2041,12406,11687,9718,8257,7566,4196,3428,11635,4583,6766,5487,3514,13586,4380,4220,6325,4491,6076,9236,5694,4199,8459,10741,6060,7391,4987,5756,6415,4881,7424,7799,4606,7204,3768,4532,7071,3876,6618,6077,7108,7503,3464,2696,6132,6118,7672,5852,3972,5878,6774,7468,10421,9431,10799,6337,16363,9145,10015,12184,8688,5196,11049,4863,6979,5863,6101,5244,11301,7999,8877,9967,4224,6745,8173,5471,8783,6846,5769,9002,4416,6758,10846,6602,5416,7161,6556,10041,6005,7964,5048,4713,7624,9743,7939,7250
fredricka whitfield,14855,10604,16281,7116,11881,10670,16835,6867,14877,12518,17144,7327,12449,8856,9861,5734,11665,8110,15820,14973,15862,19276,22495,13456,12304,15788,19292,9859,15692,17145,14423,12246,18359,12135,8712,45,465,5731,10893,8597,9716,13065,7814,12681,10216,11030,13376,14129,14886,11584,12215,16694,14255,12726,10849,11487,9239,6527,14474,6375,13854,11584,12797,12008,7420,6665,12729,14477,3236,9822,16069,11013,15348,11274,11864,16049,13863,11541,14402,17285,13407,25339,12452,13523,25456,18441,28578,18485,22088,13185,35151,12396,21796,27123,26340,19434,18781,27496,22960,12680,21264,18875,15936,16888,23544,15758,24217,14855,32265,24245,27785,22199,22813,26431,19252,33024,25146,26603,24626,16545,19345,23803,18460,20291,20493,23863,19259
geraldo rivera,13217,15254,14722,11407,9236,8433,10281,17446,15874,18084,13455,11761,20431,10947,15856,8584,10361,12263,16108,8419,5791,11271,7624,7244,11845,10981,5702,6679,7623,10089,4618,6528,9120,9532,5189,9306,9091,8388,7232,7021,6114,6611,12093,3928,6790,4215,5087,4106,3274,3057,6062,177,6521,3204,3653,5803,4712,3383,5028,2848,3851,4606,3583,6725,6355,6350,11959,5684,4677,8201,7233,4760,7235,7549,5848,7988,8972,6434,5423,5810,4557,5818,7132,3259,8049,6616,7214,7023,4362,9006,7789,6308,4625,4384,9980,2118,5360,6614,8780,5463,5151,3195,3504,5775,3961,4271,3845,2745,4152,6041,5339,6081,6919,2730,5523,6485,6330,6277,4950,4408,5372,5182,3002,3280,7543,7977,10612
glenn beck,66685,61277,66123,59954,28885,32928,79956,82560,61035,70199,61498,48401,56565,49310,47056,40840,46332,48479,3392,799,1001,1086,1893,594,728,1793,801,30,294,3234,1043,306,27,606,700,83,1320,1309,1822,1120,687,675,177,225,429,1187,682,5128,1978,165,72,669,872,2955,2846,1424,21,3572,1461,579,71,179,939,30,30,693,21,2779,1173,1071,1382,1679,4517,1354,1442,878,2069,899,81,4072,1407,594,1689,135,1627,1201,60,1021,39,18,81,36,18,33,72,45,9,441,21,12,57,471,63,51,39,27,48,117,61,24,1592,716,57,11,38,106,38,4,136,3052,1792,820,575,0,24,13,44
gloria borger,6892,3522,5298,4134,1317,3630,4022,3076,4917,6651,6558,6871,5406,5458,5163,9588,8407,13045,14829,10048,11504,8693,15745,10247,13835,5228,6076,4802,7763,4665,3794,8162,7450,12216,7332,2266,6548,2792,2865,3927,7122,6197,4280,3663,14508,12149,7512,3474,10368,5913,1884,1099,6717,11083,1422,2882,5054,3582,6774,3311,4329,4795,4758,5221,3420,3853,5247,6311,7297,5808,4059,3443,10421,11148,13063,8660,6656,6946,7028,4240,15604,21927,10759,3239,10627,7560,19019,11227,16428,14924,11389,8845,6689,14413,4704,6218,13305,12192,16888,12901,12286,10179,16625,5853,9602,8112,11754,5472,15069,7867,12618,10954,7790,8734,6729,2816,9302,12681,7727,8731,9024,8451,7259,7847,12456,6846,7656
greg gutfeld,19470,15720,14932,20562,9920,6351,19212,17147,16705,20069,20170,19025,13564,17410,19006,17542,19453,21166,26623,28167,30821,35901,26936,32911,22546,31938,31089,27041,28737,27084,30445,20907,24040,24707,25472,28382,34285,35752,40856,31966,36620,41590,32814,35789,32487,35289,36933,32400,40895,34670,29416,32049,24782,24458,36657,32896,33272,43603,31017,33455,38435,33500,12116,11488,14516,23702,24918,22381,18675,23554,14020,14264,22052,13237,11770,14757,16622,11688,12718,13479,12393,12690,15253,14877,20993,14574,16367,28299,35572,33620,29478,25856,19641,16485,15969,18587,24593,18643,23267,23545,22535,22323,23946,22111,27393,20738,21446,21645,23604,22975,25634,22813,26584,23078,21409,18873,21978,25405,24761,26526,21510,26118,29928,31020,36962,33473,41725
greta van susteren,24612,20229,23394,25664,10921,12542,22035,23770,23342,23682,20987,18084,26038,23153,23844,22086,13686,24195,31993,26380,20201,20322,20823,17554,19821,17656,20860,19287,18789,20426,22982,22320,15270,18038,19248,12874,21653,15950,18408,20464,22354,23076,28772,23465,24537,27490,20881,18565,24968,21884,25673,24757,25959,18239,24580,21336,22700,26838,22623,23937,16909,25055,24840,20002,28874,29518,23919,22090,22134,26396,16318,20146,24097,20607,18821,19130,19463,23796,17399,20251,1641,24,21,189,12209,11843,13271,13195,10918,12030,6,0,30,24,39,18,51,69,30,24,15,30,81,15,18,42,63,9,28,3,26,245,297,21,22,59,16,15,14,38,29,155,39,4,5,5,13
gretchen carlson,15071,14772,13091,17460,6811,8052,11784,10363,15027,14672,9368,10977,14733,13609,9846,13859,13237,12074,11925,12062,9377,11191,7983,8336,12334,13046,11235,12860,13709,8074,15008,10035,19648,13158,18175,16619,14356,11522,11621,15417,16815,8242,12396,10799,6376,13358,12341,12141,12582,13745,10075,14552,12366,11735,10695,6142,12808,16584,11239,10426,12360,10364,9742,11509,11896,11675,9552,8091,11067,12194,10919,11088,14364,13281,9454,12315,10941,9019,639,89,464,48,15,27,417,0,0,75,18,0,0,0,0,2441,996,881,279,6,12,0,6,39,3,201,141,3,0,0,152,3,1,3,0,11,29,0,1,9,1,233,1,0,1,0,1,0,0
harris faulkner,1262,2188,1549,5947,1196,4025,1085,2275,1680,2890,5532,4519,6075,5165,6841,6071,4800,3924,5330,6124,5119,5204,6196,5027,4330,7009,5345,4064,6669,3832,5675,5080,7950,4247,6627,10674,5790,7959,9898,5047,6462,7481,8869,7675,11563,4888,9760,6725,6650,6049,6414,4551,10097,11498,9298,10091,8612,12352,8869,10640,10162,9115,13524,8378,14126,13104,7130,9135,6776,9493,14604,6338,11468,10189,9011,9142,11774,8846,8569,10726,9346,9269,4526,9481,11774,11552,12225,7956,9098,9224,9879,13490,12109,20547,14659,14929,22232,18284,18672,14328,15213,16449,19530,17887,17626,20889,17464,13785,16163,9098,14488,10593,13265,12913,11862,3984,15662,15951,10451,6471,9948,16773,19311,25862,23727,21366,28696
hillary clinton,8936,3801,3876,3435,3757,700,3930,2558,4375,1667,10000,2871,9191,6671,15103,1407,2600,2067,836,2585,1681,9313,1282,1660,1575,1860,1690,3762,3309,2033,2037,645,13724,5046,6122,11953,29075,2431,2176,3657,2683,3209,2377,5244,5795,5217,3655,3670,6624,7353,3932,5147,16413,40783,11325,7079,6709,3827,2744,5269,3978,6203,53303,52433,30639,27041,36783,66750,66697,173578,19332,28205,82483,141363,119240,122557,93448,122751,148360,127609,222325,252925,69534,14071,4500,1515,2883,2970,16548,7032,3629,5321,23690,14573,15043,4261,6871,2778,6477,4090,2744,3963,2630,2958,7289,8403,5299,2453,2293,1457,4281,8964,7002,3618,1693,1799,3334,17919,2271,4247,3635,3848,4668,1603,793,659,2924
howard kurtz,3596,2074,1833,2106,1008,1485,2863,3001,2474,4245,3778,2823,3379,2750,2637,3363,3971,3378,5217,1881,1930,2243,2829,2951,3720,3153,3216,3904,3083,2428,4580,2832,4385,4559,3271,3814,4212,5051,3560,3585,3758,4650,1775,699,9670,10030,9405,13724,12788,12137,10347,10965,12705,13759,9806,11375,11547,10530,14094,14751,11652,16362,14994,13735,16743,14325,15796,19221,17002,17513,15102,13741,17543,14409,13055,11907,13921,8959,9719,17152,15235,11200,9246,8493,12383,9753,8969,8717,8870,8634,11435,9125,6814,10981,8920,7315,10826,9815,9317,11133,11194,8640,10634,14457,10481,10301,8996,10346,9007,8691,7964,8121,7932,10152,13168,9609,11202,9760,9893,12359,8811,9658,9652,4665,7754,6716,5264
jake tapper,384,141,219,138,57,27,288,60,123,42,75,171,138,102,111,139,471,48,228,351,231,156,126,471,63,132,168,138,195,195,24,171,726,141,3792,540,3348,9667,5708,28248,24883,15030,12025,12003,24005,21111,14204,21759,26147,14765,11601,11990,16103,13103,12462,26411,12719,13041,14006,14448,18425,11103,10074,11570,10131,14869,13414,9503,16336,15024,14010,12997,15363,22199,14906,15164,20719,16618,15317,12363,17847,24499,15032,17427,16001,19696,14897,34750,21287,15154,27833,20423,9118,15978,13942,13980,26395,22127,14101,23518,23110,17448,26564,19872,17357,32999,26743,19432,29581,18277,19887,29560,20875,17950,15669,17440,24538,25834,20127,17855,43023,20061,38315,51128,35325,55961,32736
jeanine pirro,57,885,312,210,30,18,6468,255,384,372,105,1745,7542,10617,7223,5840,3559,15145,19147,3988,4786,10627,7493,2959,5686,5921,7624,8721,7704,8044,12505,13620,15123,8644,8191,12853,12130,8837,9285,11619,9174,19609,14674,14844,12751,15468,8969,13138,17949,18412,37257,11197,17026,20331,19701,36362,32914,24592,19758,21118,24663,15263,22020,18008,15111,9350,11297,16761,11089,24871,19492,24235,17857,14903,10084,21112,19201,23671,35652,25057,12823,28478,23828,22777,20438,19119,32001,31354,26404,14479,25704,17770,23552,24775,28545,21826,22036,20279,29830,24745,23661,34195,37633,31349,30892,28793,26502,24567,20752,18776,14478,17856,21068,22134,18968,18981,30754,24886,32050,19376,22476,27983,21631,30891,30336,23032,30024
jeffrey toobin,4470,1824,2802,5787,2670,6644,6252,3117,4797,5028,5537,9492,4565,1550,1763,2520,7477,6561,7388,1383,7701,1992,12373,6569,1968,2733,12719,5933,4808,12218,3090,2073,3412,858,2134,5997,4670,7463,9617,7933,8269,21676,41473,5917,855,5160,6343,6708,14420,3694,1221,4801,16173,8378,1281,5192,7434,4780,9575,6668,2936,4152,6467,3214,5494,6104,1676,2282,1413,2014,1090,4454,3843,6549,5621,1608,2855,8098,3557,1631,1452,6349,9332,5594,3656,8456,17503,6120,28168,21875,14627,5295,5620,12581,10983,13054,17564,17664,21376,17128,19875,22586,18420,19194,22236,13896,20400,19754,21628,25052,20137,24115,15639,9784,7336,6749,13571,20336,16890,14978,23470,9462,983,720,2112,8037,5710
jesse watters,3,165,3,27,0,0,0,0,0,8,0,0,0,609,477,722,406,6,300,332,729,247,461,788,748,1669,527,881,513,636,350,1223,668,580,1160,1725,847,2762,6968,1677,1874,2065,3347,1811,2182,1829,1806,1383,2626,1256,1755,2587,5982,5351,6088,2641,4144,2788,2571,6005,2126,2261,1862,1843,3192,3306,3938,6766,2565,2458,6845,8913,4350,3385,6161,9723,6076,3006,5378,9422,6128,5693,7188,10919,17693,21403,18929,20193,38090,43794,52087,32501,25893,22480,22491,32690,36179,26192,25946,24024,22939,24296,22496,15827,21870,14375,26452,21660,31924,24819,38600,24257,29684,39909,32244,24074,29654,25493,31256,27390,27694,28254,33765,34130,40084,36396,42702
jim acosta,1047,921,4576,5293,3938,1910,7642,9306,6657,2802,3861,5379,5124,1950,1827,1731,3889,3448,2435,5504,4581,4790,6473,7655,14571,5004,4592,3034,5446,4189,8650,9083,8579,13950,5247,744,4492,2589,1953,1608,3888,6054,284,6960,8719,16395,9630,4698,6951,3593,6771,2427,6027,10334,4946,9682,11628,5429,8652,5585,3161,9909,4260,7189,2981,3863,4834,3849,2346,7647,3953,4795,7099,9529,10406,6043,11123,6740,4636,8127,5390,10719,11128,6022,17355,15517,19839,8537,14078,19550,9388,20603,8666,7437,9922,6398,14501,11748,10991,11802,9593,9383,12168,10545,10241,9306,9289,9305,8176,5213,9837,6921,5172,10946,3419,9593,7444,7675,8530,5821,4871,4676,10794,19750,9692,13833,11347
jim sciutto,3,15,0,0,3,0,3,45,0,0,0,0,0,0,0,0,0,27,0,0,0,0,0,6,0,3,0,0,0,0,0,3,6,0,6,0,0,0,0,0,6,3,0,3,9520,5725,10602,4236,6426,5396,34811,9082,5631,13491,14698,21402,17588,11427,11610,7944,21265,9043,2580,11564,5120,2373,3736,8298,11588,4409,9169,14639,9998,9174,2642,5132,10478,9998,9352,13611,3837,3436,6838,20560,18372,14890,3330,20506,14415,12027,11527,17701,5951,14058,7907,20190,19265,31079,10223,14133,12158,6079,24465,26680,23726,28858,30399,40317,32026,28121,26673,23811,25981,30598,20568,39943,23581,17479,20639,16793,30965,20432,21191,33421,33994,40151,37741
joe biden,33188,17129,12919,2876,1957,4547,7825,3737,11872,2379,7951,11490,24880,1242,738,1603,5468,1173,790,2841,23009,7492,857,3700,33012,2011,4808,7848,16739,2145,6336,5709,13797,73676,7395,5444,37033,29567,8776,10390,1847,2838,1338,5624,2550,5362,3781,2897,33340,9896,2466,14430,2530,5370,2780,1418,6218,3070,8188,2979,30595,5240,1636,957,2040,3139,5746,22441,26961,30313,987,3922,17486,4143,5724,1283,1475,7103,10244,5066,3468,12051,1505,7363,11946,521,689,392,1085,901,150,138,189,1471,2794,7378,1624,9868,1986,1207,594,447,1309,3292,2263,3662,2083,3125,5200,7098,20328,64292,26237,69660,53727,53440,42679,47509,54477,34500,31882,90531,111240,31914,65360,38696,66369
joe scarborough,21986,21830,22620,24017,13643,12922,11145,27318,18335,22537,22707,23651,25148,24199,15323,20096,19133,25505,14368,16624,27576,30955,22767,24712,30200,23543,27979,30520,31166,18267,17510,29037,24990,28590,24068,26515,34276,30339,20886,29123,24800,27922,19917,29105,22138,31379,27211,24444,32843,23102,22490,26365,24979,29811,13472,37058,39149,40582,29125,27830,19150,31966,27219,30188,29393,34237,30067,33482,30557,44180,30301,35989,39919,42209,29009,31950,33706,31236,29966,36528,30890,37632,33728,23846,26146,31660,37471,32544,37742,35812,26169,35723,26192,37896,29497,36495,54675,51127,44921,41745,41516,36609,32606,44874,36859,51753,30814,39784,37549,48356,44184,45257,45039,33273,39491,40946,37528,33987,26529,39237,45155,31205,30549,54503,48546,45022,30035
john berman,3,3,9,9,9,6,3,6,33,21,9,30,6,0,18,6,6,6,0,6,12,0,9,3,0,0,0,3,0,27,7603,17185,14338,13316,13003,10535,19300,11534,6237,29417,19827,15015,7906,10995,10485,13881,19917,12754,11163,21319,22021,20147,15313,17416,19730,13701,15864,18304,11453,18985,29225,20749,18052,14140,12898,15716,17235,15379,24896,26361,25691,24732,31553,33912,23709,26297,24804,20170,22100,36565,18398,23700,30937,25665,25895,19202,27889,17902,17089,29366,41967,28360,13814,24096,32122,37557,34727,48960,41037,27781,43914,48907,44391,64485,32788,32350,44499,47984,39217,32017,36323,22525,35210,55840,24925,53518,24922,43683,47933,34554,37291,31938,48213,47711,37620,30886,54046
john king,12583,2675,4545,12238,10546,10534,12232,14237,18511,19780,18046,16714,24279,20348,13550,15958,23671,14748,26864,28013,24432,26860,23897,17517,30872,19455,22286,10914,15206,24655,3009,17110,10122,17373,10815,3981,6613,2706,3346,6327,3321,13537,5566,10216,14701,12478,11856,7594,11449,4488,4775,5429,5837,7538,4866,2688,6380,4439,8558,2671,4109,4666,4749,5885,2961,5887,5954,6267,4363,5129,2580,5642,10310,10400,12756,9980,8087,4250,13920,6040,10496,18905,12731,2559,16251,12275,15106,14462,13793,16443,13885,10165,14630,15659,10532,10433,14225,11363,14196,16688,14864,15747,10898,11550,12822,13558,21561,12598,14244,12151,11544,15241,14598,13941,13239,7773,15822,15761,14675,10587,14875,21801,37339,48400,46192,38854,31083
john mccain,12060,13734,14727,10924,3923,5560,4753,10029,6126,1893,7254,8030,4682,5597,8123,6165,6579,6751,10164,6293,3747,9438,4736,7187,11828,7432,14584,5883,7505,10783,11204,14300,14657,15998,31701,9230,16184,16593,6830,7927,9685,11402,5001,13263,23561,9244,3142,3691,7851,9184,9907,4073,7969,17704,9789,7919,12015,5161,5649,9366,4666,7203,6014,6557,4668,1136,10086,433,7162,6406,3898,3719,5411,3245,2790,487,4688,4386,1397,7579,1810,4639,1385,10200,17543,7817,10972,14166,7864,6039,23640,4339,9405,9524,4033,3520,555,1542,738,805,11155,946,1228,101701,6902,494,252,650,188,167,4067,110,803,500,796,668,94,101,433,217,426,933,368,33,108,16,63
jon scott,12249,10983,10185,11447,6397,6184,15060,9646,10187,13717,12701,9569,12907,7955,10072,8683,8365,10888,11014,6476,10056,8584,12330,13312,10156,11244,12280,8240,12653,9995,15771,12384,12329,11574,10270,10799,11997,11802,11424,9855,12136,9749,7174,8852,8806,10714,9899,10290,10374,9755,10703,8943,13613,7817,11493,9575,12969,7958,11435,10724,10215,8319,9338,9711,9603,8562,7034,7029,5609,8456,9211,8114,9724,8560,9087,9163,10715,8477,9200,6481,5967,9966,8813,9712,5639,7188,5221,9795,9136,9345,6096,10110,8147,6449,5313,7942,7905,6256,6296,4433,6175,3957,4250,6284,6784,7510,4734,4757,3031,4412,7518,3658,6476,5263,5251,12387,3990,4421,3895,5043,5309,3310,4498,3887,3887,6803,9196
joy-ann reid,0,3,0,0,0,0,0,876,585,2712,1497,456,387,408,132,423,366,285,957,990,1254,1107,1464,2133,3861,2301,4506,4431,3191,5129,5576,5121,12251,11622,15768,16207,14607,11852,17316,7498,10491,15221,21455,13816,7473,9618,9724,13445,9407,15278,12553,21819,12884,13163,12121,12723,9966,10154,8082,7856,6840,9206,4522,9493,5077,4702,7179,4855,4655,4354,3179,9101,5438,11048,13796,11966,12041,13594,26458,18177,20131,17391,16469,18414,21262,11676,17106,22771,18667,18708,18145,23882,15010,11958,15658,20925,34196,17799,16020,17300,20290,11611,16775,4204,15163,16373,22073,14765,27260,22817,21128,19928,21250,19335,30200,18968,26070,10053,18356,19359,17735,31306,24119,16560,27604,27739,32155
juan williams,9391,7582,9343,16527,5786,5777,16239,14643,9160,24198,14812,11268,12424,8659,12211,14047,10554,15306,9660,13243,8579,18653,15141,8074,14872,11444,9464,13056,10215,13305,13234,19865,8503,11630,9108,17207,10400,11361,8813,5755,9884,10730,13376,10381,9285,10422,11648,13235,8136,9005,7395,7658,9219,8166,9283,9066,9074,7675,13506,11073,8172,9400,11884,10323,14121,9828,11630,8125,7414,9980,10598,10555,9883,12046,13666,11963,13079,11517,10868,10813,12377,11984,11012,12802,12257,8775,12149,9263,15473,23055,26769,20649,24298,9478,11589,12280,15537,8717,13394,10816,10699,10791,12562,10841,7883,11847,10227,10401,10772,10707,10345,8892,11661,9470,11879,8232,10223,11994,12376,11147,11710,12892,18605,17675,20187,27068,25249
karl rove,16354,8668,19596,11881,9110,3154,15245,16656,15960,22681,13788,9943,10103,7872,8786,12138,11240,9000,9373,13433,10071,14232,10452,10366,13967,15797,9359,10971,9884,13924,7698,15273,12711,13753,11293,2283,6413,15087,11483,6213,12439,10897,11709,10119,13492,10632,8963,8700,11850,6884,9510,7963,14701,3897,10334,6512,6278,8446,9989,7161,7574,7783,6015,7135,6789,4424,7296,5547,6580,4958,5309,4118,5021,9050,5938,6269,5706,4563,5839,8859,4416,11145,8728,7494,6732,5758,7417,4230,8318,3442,2725,4308,5453,4065,3752,4284,4830,7084,6777,6385,6236,3924,3930,4821,3334,7498,6995,4014,5495,3715,6274,7247,7170,5671,6946,6856,6279,7052,4563,8224,5379,7046,8093,6542,8328,8197,7696
kate bolduan,894,1512,3055,1708,3151,2593,5742,5357,1895,4389,4219,4393,2343,2683,3883,1686,836,5409,14573,4991,4614,1704,3183,12397,3603,4975,8200,4786,4408,11197,6979,6968,3094,3824,4270,6405,6476,3860,2098,142,765,7435,21416,13141,10469,11364,9540,10636,11406,10279,6638,8223,8922,9969,12053,9132,7847,402,82,109,1307,4310,5378,4383,4802,4589,14061,12082,4677,7315,4613,12231,10029,9331,10916,8976,8478,11076,3826,9463,4369,6993,4299,16343,5523,16347,23088,22792,16767,22903,23705,18652,16512,21159,16104,15398,102,51,54,20272,27074,23122,19779,15386,36112,37134,29565,19051,21890,24747,18049,21196,25264,17828,23513,28803,17464,22654,15476,22546,10518,10535,10543,15744,19086,16735,36561
katy tur,6,465,3,6,0,9,27,6,0,0,0,6,0,0,0,0,0,150,18,0,3,3,3,0,0,99,9,225,24,20,0,24,0,132,561,24,3,12,372,1572,219,9,195,684,32,306,564,486,234,66,486,1071,12,480,444,456,30,300,387,1128,857,199,2294,54,314,140,2456,6117,5484,7541,5576,7609,12449,12926,12126,10460,15780,12566,12606,14250,14495,12329,15762,11304,6164,17435,21623,13360,20225,17492,18104,16052,12947,10499,19496,15801,22306,19738,19182,15783,14607,16681,24371,24123,11916,15950,20665,14230,20436,15722,24818,5796,91,53,1486,1717,9556,19876,13427,11476,13433,14798,12326,14884,22398,22712,20448
kimberly guilfoyle,8800,4344,4154,7874,3783,2348,2600,3009,5380,3729,4687,4922,4011,3258,2294,1530,2379,3288,6263,9419,8264,9798,11048,11775,7393,9512,11871,8948,8602,5825,7340,7108,6855,6678,6431,10114,7889,9590,8158,9853,10942,9883,13465,8697,8263,7859,9253,8888,9473,7713,6600,8185,13092,17295,12344,12438,11971,17561,16392,22143,12764,12096,7061,8578,8292,9994,8732,6646,5099,8715,10163,13447,8897,7601,8398,9478,12777,12393,8817,11742,7753,8707,10199,14243,7282,10147,9011,12640,23623,18595,16133,14508,12097,7555,10092,10427,7823,5790,6721,7248,6610,5418,3494,3,3,9,18,36,2,35,8,1,694,16,3,4,5,20,98,12,2,5,1,0,19,53,792
laura ingraham,6176,5380,10031,19301,2064,3756,20407,18934,6243,5180,7369,8989,5011,11206,3743,6251,2922,13609,12305,12271,6618,5910,6773,5168,5922,7413,10223,9695,7902,19403,8708,19272,8584,8587,11545,18234,5489,7207,13521,3647,7136,22235,8282,16724,7112,4297,8928,4315,3696,4329,7164,5031,13747,5584,3123,5326,6329,3474,3438,4085,5374,4368,6150,2137,5605,1938,2394,4165,3809,4724,3956,3473,5863,6103,5323,6225,11547,10746,3224,6568,5859,5042,9511,8542,8675,7601,10316,6722,6932,7078,8417,13708,5211,9394,40966,33259,56181,46837,60021,43083,51017,48031,44233,49268,45607,62731,50087,40911,51378,45333,55553,43810,56807,44973,52716,45003,55022,57346,46914,38347,47154,42294,32611,60432,58271,55518,54052
lawrence o'donnell,7048,5474,32279,6455,3898,1096,18412,7101,12358,26610,19816,24151,32329,37401,34138,41989,37734,45868,40886,25161,38528,33217,26329,24885,22490,27757,23277,26018,21464,28761,26945,22699,20635,24201,22350,22946,23415,13747,27057,24527,22855,19664,23225,23780,24548,22666,16638,15326,20810,21777,17584,8239,117,295,8297,22241,18432,20638,17379,20160,15139,13519,12245,12360,16020,14045,16142,14922,14809,17838,10145,18878,14983,13029,17231,15401,14181,16868,11043,22971,22114,20130,12493,17867,11538,6750,21224,18902,19488,28221,26939,30501,19045,13349,27452,24190,20365,15943,27845,17782,18657,23739,30650,37816,35164,25221,32070,24672,44307,31993,33457,49753,39121,28741,33911,37500,32735,40750,24283,27858,28056,27966,32961,33978,39151,41741,46522
lindsey graham,1328,4414,4643,2142,612,2613,2253,5524,5337,465,4047,4002,3645,4866,3578,3054,2518,4140,3864,2400,4953,4957,1521,1926,2142,3417,2688,268,699,2541,990,1385,3150,6113,18389,11012,4718,12475,8796,11044,9253,9056,1842,4071,9677,4731,5964,1896,2885,1822,5503,1977,3479,8865,3816,3798,3621,2619,5213,1823,6486,5350,5602,7918,5571,15026,13073,7930,11997,9150,11022,15305,3838,6711,5666,1652,3271,3527,203,1341,1484,518,1637,5569,11208,4319,18476,6835,12366,5204,12602,8782,12347,7071,5868,3785,18259,2957,7291,11007,5606,7951,6201,12655,35944,14652,7539,17061,17953,10069,13040,6179,19334,8719,7743,8141,9693,24081,13817,22191,16247,7820,6124,8721,7323,7373,6525
martha maccallum,14118,11799,17025,14679,5624,5710,16522,13299,14028,14492,13608,14794,17196,13965,14385,18500,25297,19862,20756,11912,16800,19100,17869,17658,17763,12162,15370,18020,23191,11449,13926,11391,15667,16265,18887,12342,14591,14356,11917,14512,13683,14399,21493,13463,22996,13258,15483,15751,14796,16591,19511,16334,19053,14134,14115,21695,11429,17629,16769,11241,23582,12952,12558,9061,8639,16295,10448,9671,7888,9705,11967,9305,11217,14461,14888,15625,17834,13378,14016,17858,11091,17796,13909,16172,32100,42739,44982,35127,27661,24463,20083,15455,21680,26566,18973,19098,23036,28371,24820,26013,27597,23916,19270,18910,20101,22906,23295,18964,25620,25475,17510,29497,26534,18386,21777,25610,22445,29854,21977,19288,31880,21619,32115,25958,32861,34375,29509
megyn kelly,2759,28458,40471,34594,13239,7918,29315,19921,27704,35694,22871,30104,31189,30385,29544,8050,0,0,0,23424,27418,24281,25919,20494,32353,27169,24630,25983,27099,28131,27116,19900,24961,31730,28701,20155,30229,20963,29172,36177,28857,27851,4736,27,345,63580,71550,46569,63443,58961,52484,50977,45965,57769,61250,39571,54648,73425,55668,44473,43181,43759,76017,55827,47301,52121,49205,42625,47626,47331,32534,31733,53828,48631,46378,42744,29536,35872,25567,23825,37215,42688,39554,13222,8243,6,120,90,115,2241,90,24,93,680,45,309,147,27,1962,130,63,57,128,60,354,742,3,39,164,22,70,6,9,8,43,11,57,1564,96,72,31,4,7,2,362,1,19
michael smerconish,1089,0,1884,1527,1593,1288,7669,9662,1866,5235,11387,1956,4058,2232,1242,2826,7092,1965,8375,7757,10415,5141,7369,10907,2517,2994,1637,18700,4545,13675,22536,3646,1914,1974,2292,4259,13165,3235,5556,1179,3981,5272,12638,16794,1575,1791,5402,7615,6678,2700,6559,11316,8160,7411,5668,7661,7106,7593,9855,6950,9017,5987,7309,7019,8063,4231,5673,6150,7303,13767,6611,9546,12871,8684,9324,15510,12253,7718,12371,13414,9685,20807,10433,13870,12417,12575,12491,13396,12733,8336,16294,6198,8624,14212,11106,13745,15692,10974,15521,8099,9857,13603,11404,9274,6120,3910,8132,5134,9389,7596,10777,8695,9776,8297,6607,6668,6789,9007,10145,5759,6764,8883,7138,4246,7203,5305,7704
mika brzezinski,15082,19601,21195,23270,10995,10661,18274,15560,15478,17550,17152,15125,16902,17029,14398,13092,15054,16178,14153,13207,20845,23704,19119,16768,20654,16262,19068,21438,20194,13966,12193,21616,15376,21092,17318,18650,21282,22487,13970,20474,22656,23155,17635,17645,17045,25172,20288,18668,25416,16679,19239,17215,20993,27796,20153,18153,30535,35424,21714,21974,19222,20681,22951,22313,22560,25776,21305,27810,22491,27914,21681,26539,30621,30373,22916,24809,25531,22524,22522,23102,29047,25615,21764,15421,15203,21353,28100,23848,23243,24383,22548,14179,17764,24811,22557,25437,26438,32252,27056,26554,26176,36307,22231,18977,25903,28093,20615,21427,34061,32022,28597,32238,34628,23193,22699,16609,36163,38925,24535,30610,21650,25827,39286,48627,40345,25537,27622
mike huckabee,21907,14169,17831,19086,10893,10693,13339,13253,10778,15278,16056,13100,18808,28562,20359,16944,27881,14282,19234,11954,16859,22367,16928,15403,23141,19604,22631,20995,16925,17825,26723,29833,29306,22945,20649,22460,23426,25201,21363,23831,21820,26085,21672,26530,29602,23576,24268,30375,35748,27668,29416,25429,26756,26899,28922,30517,21745,28336,24726,25445,19980,6067,4720,7116,19393,10767,18609,19118,22399,12063,12045,13694,13108,4041,4632,4786,6287,4425,8042,13912,3536,7472,8503,8116,2321,2414,6079,2757,4279,5600,2762,5465,5886,3705,2844,4084,2361,3939,5827,5991,2328,7482,9836,6552,5769,791,8077,5693,8708,4867,5728,6262,6061,7513,8130,3931,3931,3573,7174,4894,2740,4641,3097,9986,5745,4818,8557
mike pence,4894,2051,7482,2152,2246,1429,4802,3584,7855,2445,4852,2061,1269,1970,1245,3236,186,504,993,45,213,123,24,57,213,18,36,18,33,97,36,30,36,90,93,141,98,57,9,3,9,177,66,621,39,174,450,0,84,1077,36,2045,270,18,414,27,258,78,1526,156,304,1778,12894,3660,955,730,24,172,18,12,938,24,0,18,75,3638,1271,48,41743,24522,35295,104365,27363,18327,30599,43019,48663,32393,19003,9689,20706,15607,7463,8620,7720,22902,51567,14648,12538,9446,19236,7216,12196,9182,8721,5354,2941,6112,24905,41243,7661,5168,7096,7469,8954,4084,8398,21466,5729,5021,9967,44648,182144,66089,9080,20110,13825
mitt romney,4476,1010,10608,2432,45,237,327,764,1155,177,1053,1021,1644,3537,1906,5112,7509,21827,4777,18234,33786,41264,27650,73720,149197,92326,71098,79929,69668,51517,95179,107369,118169,248709,72581,4956,2679,1854,14317,428,716,3875,487,1547,896,1793,5593,573,5048,5440,3792,824,3444,4126,2296,1956,3912,3558,3388,997,16135,1199,1543,3426,694,3170,2885,379,979,2216,391,444,292,2327,17420,368,2460,4416,791,1303,1349,1689,14852,3264,36,153,93,182,69,180,12,586,99,138,126,583,2897,1178,129,1500,554,1226,549,60,141,207,165,228,10046,72,1340,1568,2302,764,272,85,1167,5917,913,945,4073,14327,695,170,76,420,258
nancy pelosi,28145,6106,19698,893,941,557,2542,1780,2293,4793,8104,3264,9028,573,656,735,665,5733,3363,2574,2713,1764,1830,4926,4224,3840,1395,1248,1054,5611,4161,624,4932,819,7954,6472,4277,3129,2386,531,3345,2796,2878,992,7148,7960,6165,3040,1458,1690,1688,1794,6948,1179,3749,468,1321,513,3558,1897,1525,1637,1016,266,1961,911,466,93,1218,1283,320,218,1335,84,93,234,421,2690,1668,353,1212,1997,5476,3216,7950,6892,9229,5742,9514,11646,3295,1732,8010,7789,9164,5049,10206,10663,2736,1743,6709,3658,2284,5148,1952,4815,27177,16648,76431,48469,19354,16785,49027,29539,33419,4434,34159,40501,22729,84558,41303,34473,28143,26578,21259,14457,24300
neil cavuto,35908,22261,43450,34417,19807,13511,27211,38314,29232,30801,27915,18410,35575,18098,34144,27894,27272,30413,21889,40102,32065,24941,26817,25500,31491,23369,26297,20184,18792,27876,27289,20221,28897,26964,22988,17805,19900,19685,26693,23037,25702,26082,12929,26768,26577,21574,25263,14402,26182,21388,27329,20692,23769,24101,19522,12755,20547,17314,22991,21214,21962,18497,25343,16257,19608,23873,20895,13727,20769,27042,24368,26046,32976,22203,20551,24698,20495,70,188,75,25346,35369,24327,21846,23990,26320,22387,27124,25250,22246,23113,13292,21834,20495,21327,21049,23785,28757,15374,24831,30515,30165,25770,19515,21070,22738,19574,16220,30751,19214,20405,17174,27411,26833,24785,20345,25542,24543,20612,17506,21631,26454,19615,32476,31233,27322,25728
new_mitt_romney,4429,1112,10758,2631,139,362,532,833,1497,423,1677,1452,2446,4170,2417,7141,10873,27240,6169,21641,36430,46370,30801,83679,165255,103096,90913,88575,81041,61990,108909,137865,136237,262578,80577,6616,3569,2346,16037,1313,1136,4685,1328,2231,1238,2691,6739,971,7259,6292,4168,1706,4020,4796,2757,3498,5156,4405,4624,1505,21475,1869,2215,4249,3952,5926,4226,1383,1706,3255,1309,719,645,4003,27730,745,4638,5911,1070,1224,1335,2599,20105,5621,610,488,376,622,391,493,150,907,204,264,404,1137,4048,1883,362,1747,923,2417,825,372,255,834,765,2313,9814,285,2146,2246,2556,1118,516,0,0,0,0,0,0,0,0,0,0,0,0
newt gingrich,9880,7370,2095,7854,3385,2122,10353,8312,13335,7250,12198,5342,3255,4297,17537,2100,31694,26533,2936,12124,14586,15052,59066,114631,198827,60937,66176,12192,21087,3448,1233,14887,10138,14668,8814,9648,9953,3307,7578,1600,5054,8072,3103,5157,14850,17152,9908,4577,6483,3401,2341,934,5065,3636,2722,1899,2964,1364,2982,1593,191,42,568,179,340,857,221,2438,4591,7190,2925,7062,6481,6820,13506,10385,18725,14477,22305,12634,13654,21461,16176,16402,12698,2082,18302,8889,15331,12750,9999,8652,8706,10705,4035,6219,7772,4260,2114,5442,3732,5828,5349,3193,3694,10161,4926,3309,5749,2332,4907,5249,4775,2826,4138,1837,4345,6592,3474,3511,3104,4603,4450,2158,1860,2235,2600
nicolle wallace,1323,920,1008,51,6,21,798,768,858,3817,6891,2422,279,60,24,99,289,975,3030,2151,2142,1560,69,111,120,65,1908,120,147,5686,54,63,36,84,117,105,105,286,5479,132,192,1215,3760,3442,3773,2562,3712,1800,3288,3788,1155,2722,2476,1199,2452,1431,408,1506,2375,856,726,841,807,830,1642,970,1377,1656,4097,4141,2374,5136,3976,6342,7783,6274,6846,6394,9624,2380,8397,9386,6450,3253,9798,3504,2351,7417,18734,26185,12601,16091,14284,16399,17128,14342,27401,20037,16823,28286,22267,15322,15577,23920,14933,16004,16513,12061,19148,19105,18192,25340,22666,20013,15926,12246,18422,19492,19108,15126,16029,16923,16703,34452,26408,22705,30735
old_mitt_romney,4170,1145,10057,2589,436,523,1073,909,1771,458,1753,1382,1787,3473,1639,5358,6621,17734,4801,13624,22353,29255,20872,58596,91948,51381,48049,45899,47900,36057,72016,78804,88600,188444,49162,4117,2388,1758,14130,1335,1747,4039,733,1477,1253,2062,5581,901,6047,5824,3756,1087,4093,4640,1940,3001,4763,3086,4312,1343,14959,1975,2921,4454,1386,4060,863,566,1267,3688,1067,747,525,3060,23714,1110,3843,4784,3963,8103,6311,20965,20553,8495,4083,9759,17678,6873,2491,2513,2767,2313,1056,1244,1406,2741,9341,3414,3215,2346,4517,2639,1744,861,0,0,0,0,0,0,0,0,0,0,0,0,0,0,0,0,0,0,0,0,0,0,0
paul ryan,971,3839,6760,2611,381,237,2249,693,2845,585,3515,1611,10994,6026,2534,22655,13381,4687,4898,5475,4746,4488,2291,1397,1955,6115,13290,11437,6538,4117,2415,96393,24679,76692,6104,2686,8305,1665,19914,3042,4677,4697,1005,1743,432,3779,994,17807,3467,1813,8043,6829,1227,2617,4989,4776,796,1674,561,459,2393,2098,559,1118,1405,3804,51,33,471,26035,10469,4366,15359,2223,6304,10614,38662,21144,14666,11320,2840,9701,10619,9310,44462,21334,81062,10827,24558,12162,6399,23739,11628,10611,18665,19725,39382,15932,6420,13774,4193,7345,4731,2131,1096,1765,2194,3743,1014,1671,619,47,31,125,1634,70,81,74,39,86,26,55,26,11,63,36,101
piers morgan,0,30,0,21,9,18,24,9,222,33,110,1492,27843,39019,34332,33163,36560,32758,44732,51066,37300,37394,43553,56954,49855,60587,54460,49851,41222,37833,48058,49674,33427,42174,49865,52247,65345,28892,18295,31196,32147,28077,28788,36650,25017,36337,19191,18220,23830,21687,16060,51,45,3,27,3,66,837,3,230,48,1314,27,27,173,111,66,54,24,117,15,99,84,732,778,365,314,51,30,106,9,54,24,120,15,2528,9,1443,0,38,6,12,6,12,42,9,51,1590,9,1143,3,12,1217,0,3,6,1266,38,42,1488,3,2241,19,595,49,56,41,671,7,81,33,1457,571,1479,3,1,9
poppy harlow,741,1512,1323,496,208,263,1623,1662,1019,805,1749,780,522,327,546,555,183,1500,1720,3846,882,632,1220,821,1044,526,482,716,2055,2638,12977,3771,1990,360,1250,2898,1081,234,2901,5170,5631,1203,6330,917,534,3401,1241,2169,898,1563,1842,3844,3074,4460,5763,5886,3529,7226,9413,8426,10174,7119,7471,9735,16225,13459,7005,14808,4282,9481,7610,9783,9558,8694,8129,3129,3,167,9217,16610,18244,23235,15639,16539,12954,10339,8240,4669,2547,6301,8613,7335,7305,5146,4519,16079,9043,259,3,1141,13223,20832,22208,36584,8039,14451,8115,6260,26863,13646,16742,18701,10674,10689,15622,7822,16966,15862,11634,9425,13044,7582,6091,28351,19708,23962,12634
rachel maddow,46712,45562,48931,47650,19801,30017,29077,44277,44608,30091,25938,23797,24456,33365,39780,36273,30468,41931,21541,34306,33204,31132,28768,35978,48865,34290,47065,45599,38574,29479,21770,46118,37742,39101,37426,20529,32180,29413,30554,33899,30849,30562,20417,28950,30101,38652,29209,23771,36787,31780,31531,33414,36522,34560,25649,24077,40495,43792,31643,26361,25992,33805,31997,28732,27612,32751,37871,25716,30704,37612,34001,30366,39528,43116,39548,41785,38412,33705,18784,32941,33138,36818,43591,35319,43948,51203,66395,54222,43804,41299,45195,31223,33189,42478,31596,39984,52038,53222,41480,44868,47231,45015,41043,42840,50547,43628,42852,41202,53829,49994,65748,55447,50550,46332,40711,47659,45195,60772,55320,47116,59225,41793,44182,56779,47608,38634,40005
rick santorum,3896,2816,5145,2984,1281,54,1380,4287,3609,4050,3040,4139,3457,2431,3596,4779,8037,15264,3626,14965,17468,15416,8747,29560,131146,121629,91956,37196,2223,3154,882,8855,1531,2819,4839,1545,1429,964,2094,1575,1325,5900,7900,4577,2599,1539,3386,3053,1493,874,3413,1255,2601,1164,730,816,1233,281,915,539,3325,2344,1276,2069,13384,8206,15132,7940,7060,3347,3747,5489,7290,3398,296,376,197,441,923,640,661,111,879,4809,4097,7590,7554,3390,3904,4794,5632,4962,8243,3675,2995,6201,10085,1542,5928,4795,3450,7320,7688,7527,5502,9922,11807,9042,9323,9384,8250,3405,7795,3631,2081,7259,3232,2893,7830,5918,7712,4533,1063,457,595,107,965
sanjay gupta,18454,21194,10539,22298,4991,2366,14089,17991,6843,8696,14610,25381,18532,6267,9460,3541,8334,6672,13458,4634,12177,9374,9178,18032,6957,7627,8570,5866,4904,12091,9215,5710,5869,9527,5586,11846,14806,4778,5146,4609,4443,7619,3775,18130,7330,11829,6451,6950,5675,7385,3653,6135,3427,5177,4621,14769,6359,32710,2095,3406,1517,4294,3771,5721,1519,1070,537,1094,1611,1728,373,2745,3122,1170,642,1481,1848,1061,836,4495,8878,266,509,860,1755,542,1137,1423,2022,2637,2497,293,1461,1730,138,2333,5193,69,582,5479,4999,1168,2882,2504,429,630,1125,1776,901,4042,2378,10279,3752,978,1423,3062,4034,2734,3482,1523,3398,14606,115306,161609,122314,47434,68640
sean hannity,30994,28463,31211,34471,17352,17269,32015,22508,28132,29138,21060,16070,29470,26574,27509,27185,26096,29146,33925,36746,30090,26896,25914,18968,32150,24581,33543,30093,32473,33756,24791,31880,37379,36840,31636,35322,40193,30206,34023,31881,29832,28023,35270,26040,24676,32205,28922,22797,27904,27616,29884,34869,30572,24385,24394,22878,28484,32619,24216,26132,33696,25490,32903,25914,20707,20861,25952,23968,26925,29100,23763,26187,28694,26081,28434,26929,30662,39943,22583,35964,31953,31286,29363,27066,38899,32947,46890,32086,37962,53300,37988,44998,44214,69115,50018,28243,58425,56977,58969,61065,56393,47386,47776,45490,50517,65537,51232,26736,61773,55071,72501,56300,58824,45690,54038,45323,55088,52896,43782,47356,61964,47886,45076,64714,61987,48916,54427
shannon bream,10814,4325,4549,8907,4231,9586,9400,13746,7402,6322,11364,4524,9173,5514,4897,9033,5358,7619,5841,9748,4636,6067,10361,7804,4809,3991,7665,4923,8342,7089,6305,10516,5026,4826,7106,4156,5596,6481,6950,2033,7251,7976,13861,16955,8136,2299,3712,9636,3516,9242,5352,5637,8389,8953,6471,16400,6270,12004,7784,11600,7862,14862,7352,4738,6128,5953,8931,17170,9336,4888,2387,13765,4297,8795,8161,3749,4160,6579,10413,11841,17753,8004,6428,17916,9047,11080,25881,10111,11456,12687,7268,12493,7177,7434,25677,34858,37649,32061,31053,31525,31170,40386,26901,34158,30377,36882,31663,37323,32690,26073,47472,47717,47522,43460,26659,53240,29126,45721,43246,30163,40837,33644,46265,52856,42108,39727,47315
shepard smith,19882,18788,21222,21138,9452,8201,17073,18239,18477,16156,17227,15341,24725,16879,28809,16464,12477,16250,13044,19576,13689,13468,11816,8762,17320,15362,17094,15689,12137,13745,11445,11070,14333,13925,12369,7996,10060,13476,18309,21615,17762,17138,18226,15607,9757,11705,7577,8707,10463,9759,18685,9946,7308,7160,8117,11676,14030,10354,9012,8163,9859,17245,11637,10383,5361,4881,7821,7362,7603,11432,13297,9125,8340,8862,12427,11219,6676,4529,11639,6153,7778,8190,8118,6237,8025,7833,13314,10944,8338,6799,8160,6940,5932,8269,8396,4583,6708,8452,5552,7598,6454,4741,6159,8494,3945,9230,6631,6211,8200,5264,4928,7241,5030,6205,7252,7737,8952,5347,107,181,77,22,2,0,106,2,2
steve doocy,17163,16071,17351,12664,6989,7165,19787,16689,13924,17174,11147,17566,17606,15023,16895,13150,18981,17393,15796,16185,10049,11873,7494,15514,14725,15007,13468,20889,16801,14582,12299,18649,17373,16540,22781,17377,22291,14500,19186,18407,18840,17669,15774,14331,17674,25536,19342,15661,20989,12795,13995,23702,24361,18796,21306,11857,18675,22355,15400,18745,16678,14097,11398,12643,9357,15673,13501,11117,9981,15504,15828,10870,14297,18072,13355,11195,13584,11940,7545,13951,13279,17916,13194,12269,15786,15102,17095,12183,13160,13580,15283,14679,12216,18856,17343,17751,35169,13420,192,1326,675,204,240,159,84,501,699,141,487,1168,1855,1626,167,249,175,73,60,455,475,109,284,60,747,5545,4363,389,973
steve kornacki,909,465,900,564,171,474,0,477,2247,2164,1344,4398,1341,1263,396,1902,1823,1770,884,1239,771,3258,1358,3831,5161,6023,4554,6865,5976,8507,10931,8765,11347,16116,9213,11977,12189,10149,6465,8550,15251,20417,15046,18444,17453,19777,20264,12529,32525,18315,17390,22104,17361,18081,18144,22229,12091,15988,16146,9300,14528,13419,13978,13569,13253,12827,14645,10039,9971,20138,16472,18435,17689,25672,23616,29473,26498,17346,15186,26679,23202,14418,21458,13505,11251,14507,12989,9743,10898,7488,5940,10758,9148,2974,7369,11882,7154,2271,13037,7843,13680,20274,12457,20571,7319,19988,16150,12746,9698,11252,2851,12591,16886,22550,18064,18551,16871,10992,12973,8510,10310,19427,18108,7721,11823,13133,12144
ted cruz,0,0,0,0,0,0,9,0,0,0,0,0,3,0,3,3,0,0,231,0,3,3,225,6,0,0,3,48,646,419,664,3731,375,384,1311,63,5955,3560,9198,2000,4253,4979,2995,12638,51329,43633,8893,5836,6718,7509,6278,6201,2835,6183,8500,936,3775,6561,6193,6900,5076,6868,23411,8065,6904,9352,17849,16008,22864,14475,23779,59523,90203,110059,137634,129115,33962,1382,11900,746,2527,671,3046,424,6658,10520,3230,3549,1640,6163,4745,1952,1522,43204,3425,1462,783,1308,2772,1549,1711,2181,491,974,10863,6709,3378,1000,3281,1021,1449,795,1704,699,679,452,464,190,122,2830,3105,66,676,2266,1910,1015,1040
tucker carlson,2237,5807,2070,3611,2484,1029,3440,699,2391,1479,2588,5512,1557,1894,1950,1887,3537,1491,1536,3347,3504,1802,1325,3079,2477,4971,2142,4815,4031,1937,2205,1902,6968,5154,3893,1803,14963,12014,14350,12271,12605,13494,10047,15372,13785,8560,15725,15861,14439,14781,9349,12702,15081,15320,8473,11812,12133,9808,13930,11394,10629,11523,11178,10520,8095,8407,9554,10995,9926,10849,10694,11826,16240,16401,12955,14766,14942,15632,12390,9807,16262,22385,34882,48989,63458,63162,78845,82102,81489,88559,91644,80912,80652,84877,55221,46654,77586,72939,77872,66430,80200,85004,72403,74082,77244,87798,67542,62030,102970,70779,93013,77365,82217,82996,89567,57266,76710,75848,69583,60336,76129,72438,61413,97321,90574,80293,81133
willie geist,14305,10802,11072,15653,7786,5292,11329,10433,15011,15274,15445,13915,15260,12608,15631,11962,16425,17971,9339,15245,14302,16084,17224,11165,17476,12667,18099,12542,16539,12542,6373,10207,12181,11972,6195,4619,3966,5620,5397,5945,4084,5348,4746,5247,5931,8807,6011,5030,6155,2653,5894,6918,8214,4549,6693,2988,8525,7216,6748,5008,8031,3912,4990,4857,5184,6071,6518,5608,8031,7741,7652,9206,10178,11162,10366,8162,8252,9069,9727,11967,8395,14017,9028,8486,8127,9757,10301,9511,14243,11107,5109,15834,11417,11526,12186,14728,10136,4733,12281,16580,17222,9121,13424,11909,14719,15933,19030,8780,14583,11119,10669,12805,17882,12321,12771,13866,12752,19144,15226,11003,17546,14885,18685,28095,25574,19771,21349
wolf blitzer,26824,21589,23243,7535,9504,6735,7632,13805,11965,19557,16282,15527,25321,15617,26923,15402,22212,24174,19890,33826,26222,31704,30475,32590,34017,19684,26800,28245,25455,22551,33605,35853,34915,29409,44182,27440,29651,22116,10440,34466,28325,15471,38277,33479,38585,38965,25749,23998,36108,26036,34251,28801,30875,27671,50633,37331,31891,31364,24077,33990,25562,24803,32213,25255,21368,22817,20011,10853,17834,22382,23885,19684,31170,23582,26449,23235,23062,25484,23850,13169,24709,20568,20449,11804,17672,26166,31351,29238,34672,28653,13381,28327,17870,32088,21146,23555,33358,31858,33763,29191,31749,33458,26238,27497,18870,37270,22275,20296,15411,15861,19978,22311,20300,16904,17939,18058,15380,15555,22257,14129,45243,14471,36319,54709,66298,58729,60719
